accuracy,fold,macro_f1,resolved_f1,resolved_precision,resolved_recall,split,system,test_path,unresolved_f1,unresolved_precision,unresolved_recall
0.3333333333333333,0,0.3097,0.4375,0.2917,0.875,dev,baseline,,0.1818,0.6667,0.1053
0.6296296296296297,0,0.6165,0.5455,0.4286,0.75,dev,gepa_full,,0.6875,0.8462,0.5789
0.5714285714285714,0,0.5692,0.6,0.4286,1.0,test,baseline,data/sec_visible_evidence_cv_expanded_v1/fold_0/test.jsonl,0.5385,1.0,0.3684
0.8571428571428571,0,0.8503,0.8182,0.6923,1.0,test,gepa_full,data/sec_visible_evidence_cv_expanded_v1/fold_0/test.jsonl,0.8824,1.0,0.7895
0.4444444444444444,1,0.4414,0.4828,0.3182,1.0,dev,baseline,,0.4,1.0,0.25
0.48148148148148145,1,0.4808,0.4615,0.3158,0.8571,dev,gepa_full,,0.5,0.875,0.35
0.3333333333333333,1,0.3097,0.4375,0.2917,0.875,test,baseline,data/sec_visible_evidence_cv_expanded_v1/fold_1/test.jsonl,0.1818,0.6667,0.1053
0.5925925925925926,1,0.5835,0.5217,0.4,0.75,test,gepa_full,data/sec_visible_evidence_cv_expanded_v1/fold_1/test.jsonl,0.6452,0.8333,0.5263
0.6296296296296297,2,0.6165,0.6875,0.5238,1.0,dev,baseline,,0.5455,1.0,0.375
0.8148148148148148,2,0.797,0.7368,0.875,0.6364,dev,gepa_full,,0.8571,0.7895,0.9375
0.4444444444444444,2,0.4414,0.4828,0.3182,1.0,test,baseline,data/sec_visible_evidence_cv_expanded_v1/fold_2/test.jsonl,0.4,1.0,0.25
0.5185185185185185,2,0.5077,0.4348,0.3125,0.7143,test,gepa_full,data/sec_visible_evidence_cv_expanded_v1/fold_2/test.jsonl,0.5806,0.8182,0.45
0.37037037037037035,3,0.3377,0.4848,0.32,1.0,dev,baseline,,0.1905,1.0,0.1053
0.8148148148148148,3,0.797,0.7368,0.6364,0.875,dev,gepa_full,,0.8571,0.9375,0.7895
0.5925925925925926,3,0.5714,0.6667,0.5,1.0,test,baseline,data/sec_visible_evidence_cv_expanded_v1/fold_3/test.jsonl,0.4762,1.0,0.3125
0.8518518518518519,3,0.8333,0.7778,1.0,0.6364,test,gepa_full,data/sec_visible_evidence_cv_expanded_v1/fold_3/test.jsonl,0.8889,0.8,1.0
0.5,4,0.4896,0.5625,0.3913,1.0,dev,baseline,,0.4167,1.0,0.2632
0.8214285714285714,4,0.8009,0.7368,0.7,0.7778,dev,gepa_full,,0.8649,0.8889,0.8421
0.37037037037037035,4,0.3377,0.4848,0.32,1.0,test,baseline,data/sec_visible_evidence_cv_expanded_v1/fold_4/test.jsonl,0.1905,1.0,0.1053
0.7407407407407407,4,0.7158,0.6316,0.5455,0.75,test,gepa_full,data/sec_visible_evidence_cv_expanded_v1/fold_4/test.jsonl,0.8,0.875,0.7368
