method,fold,test_path,accuracy,macro_f1,resolved_precision,resolved_recall,resolved_f1,unresolved_precision,unresolved_recall,unresolved_f1
baseline,0,data/sec_visible_evidence_cv_expanded_v1/fold_0/test.jsonl,0.5714285714285714,0.5692,0.4286,1.0,0.6,1.0,0.3684,0.5385
baseline,1,data/sec_visible_evidence_cv_expanded_v1/fold_1/test.jsonl,0.3333333333333333,0.3097,0.2917,0.875,0.4375,0.6667,0.1053,0.1818
baseline,2,data/sec_visible_evidence_cv_expanded_v1/fold_2/test.jsonl,0.4444444444444444,0.4414,0.3182,1.0,0.4828,1.0,0.25,0.4
baseline,3,data/sec_visible_evidence_cv_expanded_v1/fold_3/test.jsonl,0.5925925925925926,0.5714,0.5,1.0,0.6667,1.0,0.3125,0.4762
baseline,4,data/sec_visible_evidence_cv_expanded_v1/fold_4/test.jsonl,0.37037037037037035,0.3377,0.32,1.0,0.4848,1.0,0.1053,0.1905
gepa_scalar,0,data/sec_visible_evidence_cv_expanded_v1/fold_0/test.jsonl,0.75,0.7418,0.5714,0.8889,0.6957,0.9286,0.6842,0.7879
gepa_scalar,1,data/sec_visible_evidence_cv_expanded_v1/fold_1/test.jsonl,0.3333333333333333,0.3097,0.2917,0.875,0.4375,0.6667,0.1053,0.1818
gepa_scalar,2,data/sec_visible_evidence_cv_expanded_v1/fold_2/test.jsonl,0.5185185185185185,0.5185,0.35,1.0,0.5185,1.0,0.35,0.5185
gepa_scalar,3,data/sec_visible_evidence_cv_expanded_v1/fold_3/test.jsonl,0.7777777777777778,0.775,0.6923,0.8182,0.75,0.8571,0.75,0.8
gepa_scalar,4,data/sec_visible_evidence_cv_expanded_v1/fold_4/test.jsonl,0.7037037037037037,0.7,0.5,1.0,0.6667,1.0,0.5789,0.7333
gepa_category,0,data/sec_visible_evidence_cv_expanded_v1/fold_0/test.jsonl,0.75,0.7471,0.5625,1.0,0.72,1.0,0.6316,0.7742
gepa_category,1,data/sec_visible_evidence_cv_expanded_v1/fold_1/test.jsonl,0.5925925925925926,0.5835,0.4,0.75,0.5217,0.8333,0.5263,0.6452
gepa_category,2,data/sec_visible_evidence_cv_expanded_v1/fold_2/test.jsonl,0.4444444444444444,0.4414,0.2778,0.7143,0.4,0.7778,0.35,0.4828
gepa_category,3,data/sec_visible_evidence_cv_expanded_v1/fold_3/test.jsonl,0.6296296296296297,0.6165,0.5238,1.0,0.6875,1.0,0.375,0.5455
gepa_category,4,data/sec_visible_evidence_cv_expanded_v1/fold_4/test.jsonl,0.37037037037037035,0.3377,0.32,1.0,0.4848,1.0,0.1053,0.1905
gepa_full,0,data/sec_visible_evidence_cv_expanded_v1/fold_0/test.jsonl,0.8571428571428571,0.8503,0.6923,1.0,0.8182,1.0,0.7895,0.8824
gepa_full,1,data/sec_visible_evidence_cv_expanded_v1/fold_1/test.jsonl,0.5925925925925926,0.5835,0.4,0.75,0.5217,0.8333,0.5263,0.6452
gepa_full,2,data/sec_visible_evidence_cv_expanded_v1/fold_2/test.jsonl,0.5185185185185185,0.5077,0.3125,0.7143,0.4348,0.8182,0.45,0.5806
gepa_full,3,data/sec_visible_evidence_cv_expanded_v1/fold_3/test.jsonl,0.8518518518518519,0.8333,1.0,0.6364,0.7778,0.8,1.0,0.8889
gepa_full,4,data/sec_visible_evidence_cv_expanded_v1/fold_4/test.jsonl,0.7407407407407407,0.7158,0.5455,0.75,0.6316,0.875,0.7368,0.8
mipro_v2,0,,0.7142857142857143,0.7128,0.5294,1.0,0.6923,1.0,0.5789,0.7333
mipro_v2,1,,0.7777777777777778,0.75,0.6,0.75,0.6667,0.8824,0.7895,0.8333
mipro_v2,2,,0.5185185185185185,0.5159,0.3333,0.8571,0.48,0.8889,0.4,0.5517
mipro_v2,3,,0.7407407407407407,0.7407,0.625,0.9091,0.7407,0.9091,0.625,0.7407
mipro_v2,4,,0.5185185185185185,0.5159,0.381,1.0,0.5517,1.0,0.3158,0.48
