train_size,method,metric,point,ci_low,ci_high,bootstrap_unit,bootstrap_samples,groups,rows
200,baseline,accuracy,0.49473684210526314,0.37955575132141955,0.6923387096774194,review_thread_group,2000,10,95
200,baseline,macro_f1,0.45033751205400196,0.3416832086689682,0.5901369744407633,review_thread_group,2000,10,95
200,baseline,unresolved_f1,0.2941176470588235,0.11764705882352941,0.43753810975609775,review_thread_group,2000,10,95
200,baseline,unresolved_recall,0.17543859649122806,0.0625,0.2857142857142857,review_thread_group,2000,10,95
200,mipro_v2,accuracy,0.6105263157894737,0.5483870967741935,0.7090909090909091,review_thread_group,2000,10,95
200,mipro_v2,macro_f1,0.601880167629403,0.5040666117240702,0.6679921013201064,review_thread_group,2000,10,95
200,mipro_v2,unresolved_f1,0.5432098765432098,0.29265752032520326,0.6375,review_thread_group,2000,10,95
200,mipro_v2,unresolved_recall,0.38596491228070173,0.18181818181818182,0.4698846668726187,review_thread_group,2000,10,95
200,gepa_scalar,accuracy,0.6947368421052632,0.618421052631579,0.7683161350844279,review_thread_group,2000,10,95
200,gepa_scalar,macro_f1,0.6925566343042071,0.6028202115158637,0.7645592547869589,review_thread_group,2000,10,95
200,gepa_scalar,unresolved_f1,0.7184466019417476,0.5294117647058824,0.7966101694915254,review_thread_group,2000,10,95
200,gepa_scalar,unresolved_recall,0.6491228070175439,0.44995689655172416,0.7373820168902135,review_thread_group,2000,10,95
200,gepa_category,accuracy,0.631578947368421,0.5809447004608295,0.7142857142857143,review_thread_group,2000,10,95
200,gepa_category,macro_f1,0.6301034597841807,0.5757384158523322,0.6883116883116883,review_thread_group,2000,10,95
200,gepa_category,unresolved_f1,0.6067415730337079,0.4666666666666667,0.6575342465753425,review_thread_group,2000,10,95
200,gepa_category,unresolved_recall,0.47368421052631576,0.36363636363636365,0.52,review_thread_group,2000,10,95
200,gepa_full,accuracy,0.7473684210526316,0.6515151515151515,0.8139586334636757,review_thread_group,2000,10,95
200,gepa_full,macro_f1,0.7076923076923076,0.5832101104990821,0.7871290944500255,review_thread_group,2000,10,95
200,gepa_full,unresolved_f1,0.8153846153846154,0.6666666666666666,0.8743340163934427,review_thread_group,2000,10,95
200,gepa_full,unresolved_recall,0.9298245614035088,0.8157651072124756,0.9795918367346939,review_thread_group,2000,10,95
300,baseline,accuracy,0.4842105263157895,0.37120601173020523,0.7031394675925926,review_thread_group,2000,10,95
300,baseline,macro_f1,0.43514136633903655,0.3371864126919219,0.582204171142141,review_thread_group,2000,10,95
300,baseline,unresolved_f1,0.26865671641791045,0.11764705882352941,0.4058794466403165,review_thread_group,2000,10,95
300,baseline,unresolved_recall,0.15789473684210525,0.0625,0.2631578947368421,review_thread_group,2000,10,95
300,mipro_v2,accuracy,0.6736842105263158,0.5688073394495413,0.7857142857142857,review_thread_group,2000,10,95
300,mipro_v2,macro_f1,0.67237735009456,0.561886612814448,0.7836281109751122,review_thread_group,2000,10,95
300,mipro_v2,unresolved_f1,0.693069306930693,0.5,0.8054335748255482,review_thread_group,2000,10,95
300,mipro_v2,unresolved_recall,0.6140350877192983,0.4186046511627907,0.782686335403727,review_thread_group,2000,10,95
300,gepa_scalar,accuracy,0.6842105263157895,0.6190476190476191,0.765625,review_thread_group,2000,10,95
300,gepa_scalar,macro_f1,0.6838952972493346,0.6002642276422764,0.7523563196555217,review_thread_group,2000,10,95
300,gepa_scalar,unresolved_f1,0.673913043478261,0.4650268336314849,0.7500345303867406,review_thread_group,2000,10,95
300,gepa_scalar,unresolved_recall,0.543859649122807,0.34615384615384615,0.6285978835978837,review_thread_group,2000,10,95
300,gepa_category,accuracy,0.7157894736842105,0.5925925925925926,0.8,review_thread_group,2000,10,95
300,gepa_category,macro_f1,0.7146512404049394,0.5757152268021833,0.7964020950846094,review_thread_group,2000,10,95
300,gepa_category,unresolved_f1,0.7326732673267327,0.4799565217391304,0.819672131147541,review_thread_group,2000,10,95
300,gepa_category,unresolved_recall,0.6491228070175439,0.4183668076109937,0.75,review_thread_group,2000,10,95
300,gepa_full,accuracy,0.7263157894736842,0.6595686228664952,0.7933949888495344,review_thread_group,2000,10,95
300,gepa_full,macro_f1,0.7172619047619049,0.6344376412780356,0.7889679418103448,review_thread_group,2000,10,95
300,gepa_full,unresolved_f1,0.7678571428571429,0.6110507246376812,0.8300102339181286,review_thread_group,2000,10,95
300,gepa_full,unresolved_recall,0.7543859649122807,0.5789473684210527,0.8452609890109891,review_thread_group,2000,10,95
