method,candidate_index,prompt_chars,company_claim_insufficient,visible_evidence_required,sec_request_matching,partial_disclosure_unresolved,missing_quantification_named_items,legal_or_accounting_analysis,avoid_over_requiring,calibrate_resolved,excerpt
GEPA-full,0,78,0,1,0,0,0,0,0,0,Classify whether a company resolved an SEC comment using the visible evidence.
GEPA-full,1,2406,1,1,1,1,1,0,0,0,ion**: Consider past feedback on your outputs to improve accuracy: - Be vigilant about claims made by the company in their responses; ensure that the amended evidence corroborates these claims. - Identify instances where the company's response may partially address the SEC's concerns but still falls short of complete compliance. By adhering to these instruction
GEPA-full,2,2797,1,1,1,0,1,0,0,1,". - Examine the `amended_evidence` snippets to confirm that they support the company's claims and cover all requested aspects of the SEC comment. - Look for direct references in the amended evidence that address the SEC's specific requests, such as ownership structures, accounting adjustments, or enforcement risks. 4. **Labeling**: - If the company has fully"
No evidence rationale,0,78,0,1,0,0,0,0,0,0,Classify whether a company resolved an SEC comment using the visible evidence.
No evidence rationale,1,2497,1,1,0,1,1,1,0,1,"Amended Evidence**: Review the provided amended evidence to determine if it supports the claims made in the company response. Look for specific details that validate or contradict the company's assertions. - **Identify Unmet Requirements**: If the response does not fully satisfy the SEC’s request, clearly identify what is missing, such as specific numbers, legal a"
No evidence rationale,2,2649,1,1,0,1,1,0,0,0,"s: - Pay close attention to the specific requirements outlined in the SEC comment. If the company claims to have amended the filing but the evidence does not substantiate this, classify it as unresolved. - Be aware of terms like ""material terms"" or ""financial statements"" which may indicate specific details that must be included in the amended filing. - Use the feedbac"
No unmet requirement,0,78,0,1,0,0,0,0,0,0,Classify whether a company resolved an SEC comment using the visible evidence.
No unmet requirement,1,2976,1,1,1,1,1,1,0,1,"that meet all requirements outlined in the SEC comment. The amended evidence supports the claims made in the company response. - **Unresolved**: The company has not fully addressed the SEC comment. This could be due to missing specific requested items, lack of quantification, insufficient legal or accounting analysis, or other gaps in the response or evidence. **Key"
No unmet requirement,2,2790,1,1,1,1,1,1,0,0,"neral Strategy: - Compare the SEC request against the amended evidence and identify gaps, partial fixes, or missing elements that may lead to an ""unresolved"" classification. - Use concrete examples from the amended filings to support your evaluations, ensuring that your analysis is rooted in the information provided. This instruction aims to ensure that you approach"
Request + action only,0,78,0,1,0,0,0,0,0,0,Classify whether a company resolved an SEC comment using the visible evidence.
Request + action only,1,2485,1,1,1,1,1,1,0,0,"**Evidence Evaluation**: Review the amended evidence to see if it supports the company's claims in the response. Assess the relevance of the provided evidence to the SEC comment and check for: - Complete fulfillment of the SEC's request. - Any missing specific items, quantification, or detailed explanations that were requested. - Clarity on how the company h"
Request + action only,2,2786,1,1,1,1,1,1,0,1,"ompany has provided clear amendments that meet the SEC's requirements. Vague responses or claims of compliance without supporting evidence should be flagged as unresolved. 4. **Evidence Analysis**: When reviewing the amended evidence, look for: - Named items that the SEC specifically requested. - Quantitative data or disclosures that were missing or required."
GEPA-scalar,0,78,0,1,0,0,0,0,0,0,Classify whether a company resolved an SEC comment using the visible evidence.
GEPA-scalar,1,2032,1,1,0,0,0,1,0,0,"t for the company's response. Determine if the amended evidence aligns with the company's claims and sufficiently supports the resolution of the SEC's concerns. 4. **Classification**: After evaluating the SEC comment, the company response, and the amended evidence, classify the outcome as either: - **Resolved**: if the company has adequately addressed the SEC comm"
GEPA-scalar,2,2740,1,1,0,0,0,0,0,0,"rt for the company's response. Ensure that the amended evidence aligns with the company's claims and sufficiently supports the resolution of the SEC's concerns. 4. **Classification**: After evaluating the SEC comment, the company response, and the amended evidence, classify the outcome as either: - **Resolved**: if the company has adequately addressed the SEC comm"
GEPA-category,0,78,0,1,0,0,0,0,0,0,Classify whether a company resolved an SEC comment using the visible evidence.
GEPA-category,1,2350,1,1,0,0,0,1,0,0,"direct answer. - Review the `amended_evidence` to verify if it supports the company's claims made in the response and whether it aligns with SEC regulations or guidelines. 3. **Classifications**: - Your response should include: - A **label** indicating whether the SEC comment has been ""resolved"" or ""not resolved"". - A **reasoning** section that expla"
GEPA-category,2,2767,1,1,0,0,0,1,0,0,"gulations. - Review the `amended_evidence` to verify if it substantiates the company's claims and aligns with SEC guidelines. 3. **Classifications**: - Your output should include: - A **label** indicating whether the SEC comment has been ""resolved"" or ""not resolved"". - A **reasoning** section that explains your classification, detailing how the compan"
